mlb_name,fg_id,matches
A.J. Cole,11467,A.J. Cole
A.J. Ellis,5677,A.J. Ellis
A.J. Griffin,11132,A.J. Griffin
A.J. Minter,18655,A.J. Minter
A.J. Pollock,9256,A.J. Pollock
A.J. Puk,19343,A.J. Puk
A.J. Schugel,11432,A.J. Schugel
Aaron Altherr,11270,Aaron Altherr
Aaron Barrett,11243,Aaron Barrett
Aaron Blair,14934,Aaron Blair
Aaron Brooks,12272,Aaron Brooks
Aaron Bummer,16258,Aaron Bummer
Aaron Civale,19479,Aaron Civale
Aaron Hicks,5297,Aaron Hicks
Aaron Judge,15640,Aaron Judge
Aaron Loup,10343,Aaron Loup
Aaron Nola,16149,Aaron Nola
Aaron Sanchez,11490,Aaron Sanchez
Aaron Slegers,15231,Aaron Slegers
Aaron Wilkerson,16904,Aaron Wilkerson
Abiatal Avelino,15496,Abiatal Avelino
Abraham Almonte,5486,Abraham Almonte
Adalberto Mejia,13188,Adalberto Mejia
Adalberto Mondesi,13769,Adalberto Mondesi
Adam Cimber,15288,Adam Cimber
Adam Conley,14457,Adam Conley
Adam Duvall,10950,Adam Duvall
Adam Eaton,11205,Adam Eaton
Adam Engel,15082,Adam Engel
Adam Frazier,15223,Adam Frazier
Adam Haseley,19878,Adam Haseley
Adam Jones,6368,Adam Jones
Adam Kolarek,10843,Adam Kolarek
Adam Liberatore,10637,Adam Liberatore
Adam McCreery,19550,Adam McCreery
Adam Moore,9362,Adam Moore
Adam Morgan,12580,Adam Morgan
Adam Ottavino,1247,Adam Ottavino
Adam Plutko,15846,Adam Plutko
Adam Rosales,9682,Adam Rosales
Adam Wainwright,2233,Adam Wainwright
Adam Warren,9029,Adam Warren
Adam Wilk,8421,Adam Wilk
Adbert Alzolay,17859,Adbert Alzolay
Addison Reed,10586,Addison Reed
Addison Russell,14106,Addison Russell
Adeiny Hechavarria,10459,Adeiny Hechavarria
Adolis Garcia,19287,Adolis Garcia
Adonis Garcia,13777,Adolis Garcia
Adonis Medina,sa832877,Adonis Medina
Adrian Beltre,639,Adrian Beltre
Adrian Gonzalez,1908,Adrian Gonzalez
Adrian Houser,12718,Adrian Houser
Adrian Morejon,20039,Adrian Morejon
Adrian Sampson,13339,Adrian Sampson
Adrian Sanchez,11338,Adrian Sanchez
AJ Ramos,8350,AJ Ramos
AJ Reed,16246,AJ Reed
Akeel Morris,12185,Akeel Morris
Al Alburquerque,6324,Al Alburquerque
Alan Busenitz,15239,Alan Busenitz
Albert Abreu,sa828366,Albert Abreu
Albert Almora Jr.,14109,Albert Almora Jr.
Albert Pujols,1177,Albert Pujols
Alcides Escobar,6310,Alcides Escobar
Alec Asher,13560,Alec Asher
Alec Mills,13834,Alec Mills
Aledmys Diaz,15937,Aledmys Diaz
Alejandro De Aza,3371,Alejandro De Aza
Alen Hanson,12926,Alen Hanson
Alex Avila,7476,Alex Avila
Alex Blandino,16271,Alex Blandino
Alex Bregman,17678,Alex Bregman
Alex Claudio,12890,Alex Claudio
Alex Cobb,6562,Alex Cobb
Alex Colome,6661,Alex Colome
Alex Dickerson,12649,Alex Dickerson
Alex Gordon,5209,Alex Gordon
Alex McRae,16317,Alex McRae
Alex Mejia,13877,Alex Mejia
Alex Meyer,12833,Alex Meyer
Alex Presley,5305,Alex Presley
Alex Reyes,15015,Alex Reyes
Alex Verdugo,17027,Alex Verdugo
Alex Wilson,9239,Alex Wilson
Alex Wood,13781,Alex Wood
Alex Young,18333,Alex Young
Alexi Amarista,9063,Alexi Amarista
Alexi Ogando,10261,Alexi Ogando
Alfredo Gonzalez,14267,Alfredo Gonzalez
Allen Cordoba,15722,Allen Cordoba
Allen Craig,3433,Allen Craig
Allen Webster,3993,Allen Webster
Amed Rosario,15518,Amed Rosario
Amir Garrett,14375,Amir Garrett
Andrelton Simmons,10847,Andrelton Simmons
Andres Blanco,1907,Andres Blanco
Andres Machado,14681,Andres Machado
Andrew Albers,7853,Andrew Albers
Andrew Benintendi,17901,Andrew Benintendi
Andrew Case,sa829881,Andrew Case
Andrew Cashner,8782,Andrew Cashner
Andrew Chafin,12988,Andrew Chafin
Andrew Faulkner,12982,Andrew Faulkner
Andrew Heaney,15423,Andrew Heaney
Andrew Kittredge,12828,Andrew Kittredge
Andrew Knapp,14942,Andrew Knapp
Andrew McCutchen,9847,Andrew McCutchen
Andrew Miller,6785,Andrew Miller
Andrew Moore,17553,Andrew Moore
Andrew Romine,1159,Andrew Romine
Andrew Stevenson,17932,Andrew Stevenson
Andrew Suarez,18300,Andrew Suarez
Andrew Susac,13132,Andrew Susac
Andrew Toles,13414,Andrew Toles
Andrew Triggs,13533,Andrew Triggs
Andrew Vasquez,19482,Andrew Vasquez
Andrew Velazquez,14196,Andrew Velazquez
Anibal Sanchez,3284,Anibal Sanchez
Anthony Alford,14329,Anthony Alford
Anthony Banda,14706,Anthony Banda
Anthony Bass,7982,Anthony Bass
Anthony DeSclafani,13050,Anthony DeSclafani
Anthony Gose,5097,Anthony Gose
Anthony Kay,20387,Anthony Kay
Anthony Recker,4063,Anthony Recker
Anthony Rendon,12861,Anthony Rendon
Anthony Rizzo,3473,Anthony Rizzo
Anthony Santander,14551,Anthony Santander
Anthony Swarzak,7466,Anthony Swarzak
Antonio Senzatela,15488,Antonio Senzatela
Aramis Garcia,16925,Aramis Garcia
Archie Bradley,12918,Archie Bradley
Ariel Hernandez,15603,Ariel Hernandez
Ariel Jurado,17030,Ariel Jurado
Ariel Miranda,17526,Ariel Miranda
Aristides Aquino,15482,Aristides Aquino
Arodys Vizcaino,5498,Arodys Vizcaino
Aroldis Chapman,10233,Aroldis Chapman
Artie Lewicki,16731,Artie Lewicki
Asdrubal Cabrera,4962,Asdrubal Cabrera
Asher Wojciechowski,10836,Asher Wojciechowski
Audry Perez,9176,Audry Perez
Austen Williams,16309,Austen Williams
Austin Adams,7411,Austin Adams
Austin Adams,13801,Austin Adams
Austin Barnes,12158,Austin Barnes
Austin Bibens-Dirkx,9559,Austin Bibens-Dirkx
Austin Brice,17237,Austin Brice
Austin Davis,17117,Austin Davis
Austin Dean,18288,Austin Dean
Austin Gomber,16561,Austin Gomber
Austin Hays,19363,Austin Hays
Austin Hedges,12976,Austin Hedges
Austin Jackson,9848,Austin Jackson
Austin Maddox,14241,Austin Maddox
Austin Meadows,15672,Austin Meadows
Austin Pruitt,15290,Austin Pruitt
Austin Riley,18360,Austin Riley
Austin Romine,5491,Austin Romine
Austin Slater,16153,Austin Slater
Austin Voth,15047,Austin Voth
Austin Wynns,15271,Austin Wynns
Avisail Garcia,5760,Avisail Garcia
Barrett Astin,14812,Barrett Astin
Bartolo Colon,375,Bartolo Colon
Beau Taylor,12384,Beau Taylor
Ben Gamel,12160,Ben Gamel
Ben Heller,15100,Ben Heller
Ben Lively,14932,Ben Lively
Ben Meyer,18854,Ben Meyer
Ben Revere,4712,Ben Revere
Ben Rowen,10983,Ben Rowen
Ben Taylor,18114,Ben Taylor
Ben Zobrist,7435,Ben Zobrist
Billy Burns,12701,Billy Burns
Billy Hamilton,10199,Billy Hamilton
Billy McKinney,15654,Billy McKinney
Blaine Boyer,2237,Blaine Boyer
Blaine Hardy,6499,Blaine Hardy
Blake Parker,5224,Blake Parker
Blake Snell,13543,Blake Snell
Blake Swihart,13176,Blake Swihart
Blake Trahan,17588,Blake Trahan
Blake Treinen,12572,Blake Treinen
Blake Wood,1345,Blake Wood
Bo Bichette,19612,Bo Bichette
Bo Schultz,5028,Bo Schultz
Bobby Bradley,17278,Bobby Bradley
Bobby Poyner,17987,Bobby Poyner
Bobby Wahl,14832,Bobby Wahl
Bobby Wilson,6564,Bobby Wilson
Boog Powell,15103,Boog Powell
Boone Logan,5525,Boone Logan
Brad Boxberger,10133,Brad Boxberger
Brad Brach,6627,Brad Brach
Brad Hand,9111,Brad Hand
Brad Keller,15734,Brad Keller
Brad Miller,12775,Brad Miller
Brad Peacock,5401,Brad Peacock
Brad Wieck,16390,Brad Wieck
Brad Ziegler,7293,Brad Ziegler
Braden Shipley,15158,Braden Shipley
Bradley Zimmer,16221,Bradley Zimmer
Brady Rodgers,13393,Brady Rodgers
Branden Pinder,12093,Branden Pinder
Brandon Barnes,629,Brandon Barnes
Brandon Belt,10264,Brandon Belt
Brandon Crawford,5343,Brandon Crawford
Brandon Cumpton,11366,Brandon Cumpton
Brandon Dixon,15214,Brandon Dixon
Brandon Drury,11615,Brandon Drury
Brandon Finnegan,16208,Brandon Finnegan
Brandon Guyer,2636,Brandon Guyer
Brandon Kintzler,9939,Brandon Kintzler
Brandon Lowe,18882,Brandon Lowe
Brandon Mann,5172,Brandon Mann
Brandon Maurer,4878,Brandon Maurer
Brandon McCarthy,4662,Brandon McCarthy
Brandon Morrow,9346,Brandon Morrow
Brandon Nimmo,12927,Brandon Nimmo
Brandon Phillips,791,Brandon Phillips
Brandon Snyder,9856,Brandon Snyder
Brandon Woodruff,16162,Brandon Woodruff
Brandon Workman,11428,Brandon Workman
Braxton Lee,16839,Braxton Lee
Brendan McKay,20186,Brendan McKay
Brent Honeywell Jr.,sa828706,Brent Honeywell
Brent Suter,13942,Brent Suter
Brett Anderson,8223,Brett Anderson
Brett Cecil,2660,Brett Cecil
Brett Eibner,11369,Brett Eibner
Brett Gardner,9927,Brett Gardner
Brett Graves,16218,Brett Graves
Brett Kennedy,17877,Brett Kennedy
Brett Martin,17369,Brett Martin
Brett Nicholas,11192,Brett Nicholas
Brett Phillips,14735,Brett Phillips
Breyvic Valera,12758,Breyvic Valera
Brian Anderson,18289,Brian Anderson
Brian Dozier,9810,Brian Dozier
Brian Duensing,4064,Brian Duensing
Brian Ellington,17233,Brian Ellington
Brian Flynn,12027,Brian Flynn
Brian Goodwin,12858,Brian Goodwin
Brian Johnson,14272,Brian Johnson
Brian McCann,4810,Brian McCann
Brock Holt,9345,Brock Holt
Brock Stassi,12244,Brock Stassi
Brock Stewart,16727,Brock Stewart
Brooks Pounders,10387,Brooks Pounders
Bruce Maxwell,13866,Bruce Maxwell
Bruce Rondon,5766,Bruce Rondon
Bryan Anderson,9871,Brian Anderson
Bryan Holaday,11287,Bryan Holaday
Bryan Mitchell,11479,Bryan Mitchell
Bryan Shaw,8110,Bryan Shaw
Bryce Harper,11579,Bryce Harper
Bryse Wilson,19990,Bryse Wilson
Bubba Starling,13356,Bubba Starling
Buck Farmer,14814,Buck Farmer
Bud Norris,9492,Bud Norris
Buddy Baumann,9309,Buddy Baumann
Buddy Boshers,8490,Buddy Boshers
Burch Smith,12784,Burch Smith
Buster Posey,9166,Buster Posey
Byron Buxton,14161,Byron Buxton
C.J. Cron,12546,C.J. Cron
Cal Quantrill,19312,Cal Quantrill
Caleb Ferguson,19349,Caleb Ferguson
Caleb Frare,14353,Caleb Frare
Caleb Joseph,7087,Caleb Joseph
Caleb Smith,14875,Caleb Smith
Cam Bedrosian,13360,Cam Bedrosian
Cam Gallagher,12981,Cam Gallagher
Cameron Maybin,5223,Cameron Maybin
Cameron Perkins,13444,Cameron Perkins
Cameron Rupp,11146,Cameron Rupp
Carl Edwards Jr.,13607,Carl Edwards Jr.
Carlos Asuaje,15197,Carlos Asuaje
Carlos Carrasco,6632,Carlos Carrasco
Carlos Correa,14162,Carlos Correa
Carlos Estevez,14542,Carlos Estevez
Carlos Gomez,4881,Carlos Gomez
Carlos Gonzalez,7287,Carlos Gonzalez
Carlos Martinez,11682,Carlos Martinez
Carlos Perez,10642,Carlos Perez
Carlos Ramirez,11743,Carlos Ramirez
Carlos Rodon,16137,Carlos Rodon
Carlos Santana,2396,Carlos Santana
Carlos Tocci,14558,Carlos Tocci
Carlos Torres,7624,Carlos Torres
Carson Fulmer,18311,Carson Fulmer
Carson Kelly,13620,Carson Kelly
Carson Smith,13172,Carson Smith
Carter Capps,12803,Carter Capps
Carter Kieboom,19958,Carter Kieboom
Casey Gillaspie,sa827177,Casey Gillaspie
Casey Kelly,9174,Casey Kelly
Casey Lawrence,11121,Casey Lawrence
Casey Sadler,11209,Casey Sadler
CC Sabathia,404,CC Sabathia
CD Pelham,19820,C.D. Pelham
Cedric Mullins,17929,Cedric Mullins
Cesar Hernandez,10556,Cesar Hernandez
Cesar Puello,7216,Cesar Puello
Cesar Vargas,14099,Cesar Vargas
Chad Bell,10297,Chad Bell
Chad Bettis,10587,Chad Bettis
Chad Girodo,15542,Chad Girodo
Chad Green,15552,Chad Green
Chad Huffman,5311,Chad Huffman
Chad Kuhl,14975,Chad Kuhl
Chad Pinder,15191,Chad Pinder
Chad Sobotka,17470,Chad Sobotka
Chad Wallach,17161,Chad Wallach
Chance Adams,18135,Chance Adams
Chance Sisco,15694,Chance Sisco
Charlie Blackmon,7859,Charlie Blackmon
Charlie Culberson,3298,Charlie Culberson
Charlie Morton,4676,Charlie Morton
Charlie Tilson,12983,Charlie Tilson
Chase Anderson,6895,Chase Anderson
Chase d'Arnaud,6652,Chase d'Arnaud
Chase De Jong,15036,Chase De Jong
Chase Headley,4720,Chase Headley
Chase Utley,1679,Chase Utley
Chase Whitley,10982,Chase Whitley
Chasen Bradford,12452,Chasen Bradford
Chasen Shreve,10855,Chasen Shreve
Chaz Roe,9866,Chaz Roe
Cheslor Cuthbert,10473,Cheslor Cuthbert
Chi Chi Gonzalez,14663,Chi Chi Gonzalez
Chih-Wei Hu,16419,Chih-Wei Hu
Chris Archer,6345,Chris Archer
Chris Bassitt,12304,Chris Bassitt
Chris Beck,13418,Chris Beck
Chris Carter,9911,Chris Carter
Chris Davis,9272,Chris Davis
Chris Devenski,12763,Chris Devenski
Chris Dominguez,9718,Chris Dominguez
Chris Flexen,13896,Chris Flexen
Chris Gimenez,7324,Chris Gimenez
Chris Hatcher,3299,Chris Hatcher
Chris Heisey,3978,Chris Heisey
Chris Herrmann,9284,Chris Herrmann
Chris Heston,10302,Chris Heston
Chris Iannetta,8267,Chris Iannetta
Chris Lee,sa550044,Chris Lee
Chris Martin,11847,Chris Martin
Chris O'Grady,13818,Chris O'Grady
Chris Owings,10030,Chris Owings
Chris Paddack,20099,Chris Paddack
Chris Reed,12801,Chris Reed
Chris Rowley,18820,Chris Rowley
Chris Rusin,9895,Chris Rusin
Chris Sale,10603,Chris Sale
Chris Shaw,17738,Chris Shaw
Chris Smith,4544,Chris Smith
Chris Smith,14449,Chris Smith
Chris Stewart,3878,Chris Stewart
Chris Stratton,13761,Chris Stratton
Chris Taylor,13757,Chris Taylor
Chris Tillman,5279,Chris Tillman
Chris Volstad,9901,Chris Volstad
Chris Young,3882,Chris Young
Chris Young,3196,Chris Young
Christian Arroyo,16434,Christian Arroyo
Christian Bergman,10925,Christian Bergman
Christian Bethancourt,10028,Christian Bethancourt
Christian Colon,11145,Christian Colon
Christian Vazquez,9774,Christian Vazquez
Christian Villanueva,11738,Christian Villanueva
Christian Walker,13419,Christian Walker
Christian Yelich,11477,Christian Yelich
Christin Stewart,17714,Christin Stewart
Christopher Bostick,13718,Christopher Bostick
Cionel Perez,19614,Cionel Perez
Clay Buchholz,3543,Clay Buchholz
Clay Holmes,13649,Clay Holmes
Clayton Blackburn,sa598302,Clayton Blackburn
Clayton Kershaw,2036,Clayton Kershaw
Clayton Richard,3551,Clayton Richard
Cliff Pennington,3395,Cliff Pennington
Clint Frazier,15983,Clint Frazier
Cody Allen,12183,Cody Allen
Cody Anderson,12799,Cody Anderson
Cody Asche,11997,Cody Asche
Cody Bellinger,15998,Cody Bellinger
Cody Carroll,17664,Cody Carroll
Cody Hall,12232,Cody Hall
Cody Reed,15232,Cody Reed
Colby Rasmus,9893,Colby Rasmus
Cole Hamels,4972,Cole Hamels
Cole Tucker,17326,Cole Tucker
Colin Moran,16909,Colin Moran
Colin Rea,12317,Colin Rea
Colin Walsh,10961,Colin Walsh
Collin Cowgill,7250,Collin Cowgill
Collin McHugh,7531,Collin McHugh
Colten Brewer,12997,Colten Brewer
Colton Murray,12264,Colton Murray
Conner Greene,sa737829,Conner Greene
Connor Sadzeck,13483,Connor Sadzeck
Corban Joseph,5503,Corban Joseph
Corbin Burnes,19361,Corbin Burnes
Corey Dickerson,10762,Corey Dickerson
Corey Kluber,2429,Corey Kluber
Corey Knebel,15010,Corey Knebel
Corey Oswalt,13677,Corey Oswalt
Corey Seager,13624,Corey Seager
Cory Gearrin,7947,Cory Gearrin
Cory Mazzoni,12537,Cory Mazzoni
Cory Spangenberg,12294,Cory Spangenberg
Craig Breslow,4363,Craig Breslow
Craig Gentry,9571,Craig Gentry
Craig Kimbrel,6655,Craig Kimbrel
Craig Stammen,7274,Craig Stammen
Cristhian Adames,6013,Cristhian Adames
Curt Casali,12510,Curt Casali
Curtis Granderson,4747,Curtis Granderson
D.J. Snelten,15949,D.J. Snelten
Dakota Hudson,19206,Dakota Hudson
Dallas Keuchel,9434,Dallas Keuchel
Dalton Pompey,12797,Dalton Pompey
Dan Altavilla,16507,Dan Altavilla
Dan Jennings,8073,Dan Jennings
Dan Otero,7385,Dan Otero
Dan Runzler,4080,Dan Runzler
Dan Straily,9460,Dan Straily
Dan Winkler,12237,Dan Winkler
Daniel Castro,15450,Daniel Castro
Daniel Corcino,9266,Daniel Corcino
Daniel Descalso,8392,Daniel Descalso
Daniel Gossett,16164,Daniel Gossett
Daniel Hudson,7146,Daniel Hudson
Daniel Mengden,16980,Daniel Mengden
Daniel Murphy,4316,Daniel Murphy
Daniel Nava,5450,Daniel Nava
Daniel Norris,13475,Daniel Norris
Daniel Palka,14897,Daniel Palka
Daniel Ponce de Leon,16110,Daniel Poncedeleon
Daniel Robertson,6266,Daniel Robertson
Daniel Robertson,14145,Daniel Robertson
Daniel Stumpf,13780,Daniel Stumpf
Daniel Vogelbach,14130,Daniel Vogelbach
Daniel Wright,15179,Daniel Wright
Daniel Zamora,17811,Daniel Zamora
Danny Barnes,11388,Danny Barnes
Danny Coulombe,13293,Danny Coulombe
Danny Duffy,3542,Danny Duffy
Danny Espinosa,9219,Danny Espinosa
Danny Farquhar,8501,Danny Farquhar
Danny Jansen,16535,Danny Jansen
Danny Ortiz,10317,Danny Ortiz
Danny Salazar,5867,Danny Salazar
Danny Santana,10322,Danny Santana
Danny Valencia,6364,Danny Valencia
Dansby Swanson,18314,Dansby Swanson
Dariel Alvarez,15580,Dariel Alvarez
Darnell Sweeney,13284,Darnell Sweeney
Darren O'Day,3321,Darren O'Day
Darwin Barney,2430,Darwin Barney
Darwinzon Hernandez,19848,Darwinzon Hernandez
David Bote,14593,David Bote
David Dahl,13744,David Dahl
David Fletcher,17992,David Fletcher
David Freese,9549,David Freese
David Freitas,10619,David Freitas
David Goforth,12166,David Goforth
David Hale,9756,David Hale
David Hernandez,4259,David Hernandez
David Hess,16130,David Hess
David Holmberg,7725,David Holmberg
David Paulino,17418,David Paulino
David Peralta,2136,David Peralta
David Phelps,6316,David Phelps
David Price,3184,David Price
David Robertson,8241,David Robertson
David Wright,3787,David Wright
Dawel Lugo,14713,Dawel Lugo
Dayan Diaz,11543,Dayan Diaz
Dean Deetz,16687,Dean Deetz
Dean Kiekhefer,10529,Dean Kiekhefer
Deck McGuire,11596,Deck McGuire
Dee Gordon,8203,Dee Gordon
Delino DeShields,11379,Delino DeShields
Dellin Betances,6216,Dellin Betances
Denard Span,8347,Denard Span
Dennis Santana,17878,Dennis Santana
Deolis Guerra,8410,Deolis Guerra
Dereck Rodriguez,14509,Dereck Rodriguez
Derek Dietrich,10542,Derek Dietrich
Derek Fisher,16192,Derek Fisher
Derek Holland,4141,Derek Holland
Derek Law,13133,Derek Law
Derek Norris,6867,Derek Norris
Derian Gonzalez,sa737568,Adrian Gonzalez
Destin Hood,9887,Destin Hood
Deven Marrero,13325,Deven Marrero
Devin Mesoraco,5666,Devin Mesoraco
Devon Travis,13862,Devon Travis
Dexter Fowler,4062,Dexter Fowler
Didi Gregorius,6012,Didi Gregorius
Diego Castillo,17496,Diego Castillo
Dietrich Enns,13932,Dietrich Enns
Dillon Maples,14672,Dillon Maples
Dillon Overton,15627,Dillon Overton
Dillon Peters,18790,Dillon Peters
Dillon Tate,17796,Dillon Tate
Dilson Herrera,14335,Dilson Herrera
Dinelson Lamet,17186,Dinelson Lamet
Dixon Machado,11472,Dixon Machado
DJ Johnson,12578,DJ Johnson
DJ LeMahieu,9874,DJ LeMahieu
DJ Stewart,17766,DJ Stewart
Domingo Acevedo,sa739716,Domingo Acevedo
Domingo German,17149,Domingo German
Domingo Leyba,16404,Domingo Leyba
Domingo Santana,10348,Domingo Santana
Dominic Leone,13763,Dominic Leone
Dominic Smith,15653,Dominic Smith
Donnie Hart,15306,Donnie Hart
Doug Fister,9425,Doug Fister
Dovydas Neverauskas,11604,Dovydas Neverauskas
Drew Anderson,15130,Drew Anderson
Drew Butera,3411,Drew Butera
Drew Gagnon,12545,Drew Gagnon
Drew Hutchison,10732,Drew Hutchison
Drew Pomeranz,11426,Drew Pomeranz
Drew Robinson,11761,Drew Robinson
Drew Rucinski,12499,Drew Rucinski
Drew Smith,17755,Drew Smith
Drew Smyly,11760,Drew Smyly
Drew Steckenrider,18806,Drew Steckenrider
Drew VerHagen,13424,Drew VerHagen
Duane Underwood Jr.,14677,Duane Underwood Jr.
Dustin Fowler,17098,Dustin Fowler
Dustin Garneau,9433,Dustin Garneau
Dustin May,19716,Dustin May
Dustin McGowan,8600,Dustin McGowan
Dustin Pedroia,8370,Dustin Pedroia
Dustin Peterson,15189,Dustin Peterson
Dusty Coleman,8979,Dusty Coleman
Dwight Smith Jr.,13473,Dwight Smith Jr.
Dylan Bundy,12917,Dylan Bundy
Dylan Cease,18525,Dylan Cease
Dylan Covey,14825,Dylan Covey
Dylan Cozens,15115,Dylan Cozens
Dylan Floro,13394,Dylan Floro
Eddie Butler,13453,Eddie Butler
Eddie Gamboa,6911,Eddie Gamboa
Eddie Rosario,12155,Eddie Rosario
Edgar Santana,17355,Edgar Santana
Edinson Volquez,3990,Edinson Volquez
Edmundo Sosa,17022,Edmundo Sosa
Eduardo Escobar,6153,Eduardo Escobar
Eduardo Nunez,6848,Eduardo Nunez
Eduardo Paredes,16344,Eduardo Paredes
Eduardo Rodriguez,13164,Eduardo Rodriguez
Edubray Ramos,16086,Edubray Ramos
Edward Paredes,4168,Edward Paredes
Edwin Diaz,14710,Edwin Diaz
Edwin Encarnacion,2151,Edwin Encarnacion
Edwin Jackson,1841,Edwin Jackson
Efren Navarro,9854,Efren Navarro
Ehire Adrianza,8418,Ehire Adrianza
Elias Diaz,11680,Elias Diaz
Elieser Hernandez,16933,Elieser Hernandez
Eliezer Alvarez,sa657261,Eliezer Alvarez
Eloy Jimenez,17484,Eloy Jimenez
Elvis Andrus,8709,Elvis Andrus
Emilio Pagan,14771,Emilio Pagan
Ender Inciarte,4922,Ender Inciarte
Engelb Vielma,15481,Engelb Vielma
Enny Romero,4001,Enny Romero
Enrique Hernandez,10472,Enrique Hernandez
Enyel De Los Santos,18403,Enyel De Los Santos
Erasmo Ramirez,10314,Erasmo Ramirez
Eric Haase,14111,Eric Haase
Eric Hanhold,18332,Eric Hanhold
Eric Hosmer,3516,Eric Hosmer
Eric Jokisch,11157,Eric Jokisch
Eric Lauer,19316,Eric Lauer
Eric Skoglund,16155,Eric Skoglund
Eric Sogard,7927,Eric Sogard
Eric Stout,16873,Eric Stout
Eric Thames,3711,Eric Thames
Eric Young Jr.,7158,Eric Young Jr.
Erick Aybar,4082,Erick Aybar
Erick Fedde,17425,Erick Fedde
Erik Davis,8422,Erik Davis
Erik Goeddel,11712,Erik Goeddel
Erik Gonzalez,13369,Erik Gonzalez
Erik Kratz,4403,Erik Kratz
Ernesto Frieri,5178,Ernesto Frieri
Ervin Santana,3200,Ervin Santana
Eugenio Suarez,12552,Eugenio Suarez
Evan Gattis,11003,Evan Gattis
Evan Longoria,9368,Evan Longoria
Evan Marshall,12297,Evan Marshall
Evan Phillips,17734,Evan Phillips
Evan Scribner,7525,Evan Scribner
Ezequiel Carrera,9048,Ezequiel Carrera
Felipe Vazquez,12076,Felipe Vazquez
Felix Hernandez,4772,Felix Hernandez
Felix Jorge,14532,Felix Jorge
Felix Pena,13403,Felix Pena
Fernando Abad,4994,Fernando Abad
Fernando Rodney,494,Fernando Rodney
Fernando Rodriguez Jr.,7558,Fernando Rodriguez Jr.
Fernando Romero,15885,Fernando Romero
Fernando Salas,4971,Fernando Salas
Fernando Tatis Jr.,19709,Fernando Tatis Jr.
Framber Valdez,17295,Framber Valdez
Franchy Cordero,14567,Franchy Cordero
Francis Martes,17303,Francis Martes
Francisco Arcia,10286,Francisco Arcia
Francisco Cervelli,5275,Francisco Cervelli
Francisco Lindor,12916,Francisco Lindor
Francisco Liriano,3201,Francisco Liriano
Francisco Mejia,16403,Francisco Mejia
Francisco Pena,8298,Francisco Pena
Francisco Rodriguez,6688,Francisco Rodriguez
Francisco Rodriguez,1642,Francisco Rodriguez
Frankie Montas,14309,Frankie Montas
Franklin Barreto,15519,Franklin Barreto
Franklin Gutierrez,3255,Franklin Gutierrez
Franklyn Kilome,sa830592,Franklyn Kilome
Franmil Reyes,14566,Franmil Reyes
Freddie Freeman,5361,Freddie Freeman
Freddy Galvis,6609,Freddy Galvis
Freddy Peralta,18679,Freddy Peralta
Gabriel Guerrero,14528,Gabriel Guerrero
Gabriel Moya,16348,Gabriel Moya
Gabriel Ynoa,12938,Gabriel Ynoa
Gaby Sanchez,3361,Gary Sanchez
Garin Cecchini,11608,Gavin Cecchini
Garrett Cooper,15279,Garrett Cooper
Garrett Hampson,19262,Garrett Hampson
Garrett Richards,9784,Garrett Richards
Garrett Stubbs,18067,Garrett Stubbs
Gary Sanchez,11442,Gary Sanchez
Gavin Cecchini,17005,Gavin Cecchini
George Kontos,9486,George Kontos
George Springer,12856,George Springer
Gerardo Parra,8553,Gerardo Parra
German Marquez,15038,German Marquez
Gerrit Cole,13125,Gerrit Cole
Gerson Bautista,19256,Gerson Bautista
Giancarlo Stanton,4949,Giancarlo Stanton
Gift Ngoepe,10340,Gift Ngoepe
Gio Gonzalez,7448,Gio Gonzalez
Gio Urshela,10681,Gio Urshela
Giovanny Gallegos,14986,Giovanny Gallegos
Glenn Sparkman,15200,Glenn Sparkman
Gleyber Torres,16997,Gleyber Torres
Gordon Beckham,9015,Gordon Beckham
Gorkys Hernandez,4146,Gorkys Hernandez
Grant Dayton,11203,Grant Dayton
Grant Green,10053,Grant Green
Grayson Greiner,17062,Grayson Greiner
Greg Allen,16623,Greg Allen
Greg Bird,14131,Greg Bird
Greg Garcia,10951,Greg Garcia
Greg Holland,7196,Greg Holland
Gregor Blanco,3123,Gregor Blanco
Gregorio Petit,3812,Gregorio Petit
Gregory Infante,9119,Gregory Infante
Gregory Polanco,12907,Gregory Polanco
Gregory Soto,19677,Gregory Soto
Griffin Canning,19867,Griffin Canning
Guillermo Heredia,18721,Guillermo Heredia
Hanley Ramirez,8001,Hanley Ramirez
Hansel Robles,11801,Hansel Robles
Hanser Alberto,11902,Hanser Alberto
Harold Castro,14691,Harold Castro
Harrison Bader,18030,Harrison Bader
Harrison Musgrave,16532,Harrison Musgrave
Heath Fillmyer,17466,Heath Fillmyer
Heath Hembree,11632,Heath Hembree
Hector Neris,11804,Hector Neris
Hector Rondon,2391,Hector Rondon
Hector Sanchez,10289,Hector Sanchez
Hector Santiago,4026,Hector Santiago
Hector Velazquez,19341,Hector Velazquez
Hernan Perez,5751,Hernan Perez
Hisashi Iwakuma,13048,Hisashi Iwakuma
Hoby Milner,13346,Hoby Milner
Homer Bailey,8362,Homer Bailey
Howie Kendrick,4229,Howie Kendrick
Hunter Dozier,15117,Hunter Dozier
Hunter Harvey,15507,Hunter Harvey
Hunter Pence,8252,Hunter Pence
Hunter Renfroe,15464,Hunter Renfroe
Hunter Strickland,7836,Hunter Strickland
Hunter Wood,15091,Hunter Wood
Hyun-Jin Ryu,14444,Hyun-Jin Ryu
Ian Clarkin,sa737534,Ian Clarkin
Ian Desmond,6885,Ian Desmond
Ian Hamilton,19261,Ian Hamilton
Ian Happ,17919,Ian Happ
Ian Kennedy,6986,Ian Kennedy
Ian Kinsler,6195,Ian Kinsler
Ian Krol,10066,Ian Krol
Ichiro Suzuki,1101,Ichiro Suzuki
Ildemaro Vargas,13324,Ildemaro Vargas
Isaac Galloway,5238,Isaac Galloway
Isan Diaz,17922,Isan Diaz
Isiah Kiner-Falefa,16512,Isiah Kiner-Falefa
Ivan De Jesus Jr.,9886,Ivan De Jesus
Ivan Nova,1994,Ivan Nova
J.A. Happ,7410,J.A. Happ
J.B. Wendelken,14506,J.B. Wendelken
J.D. Davis,16219,J.D. Davis
J.D. Martinez,6184,J.D. Martinez
J.J. Hoover,9037,J.J. Hoover
J.P. Crawford,15491,J.P. Crawford
J.T. Realmuto,11739,J.T. Realmuto
Jabari Blash,11247,Jabari Blash
Jace Fry,16159,Jace Fry
Jace Peterson,12325,Jace Peterson
Jack Flaherty,17479,Jack Flaherty
Jack Reinheimer,14938,Jack Reinheimer
Jackie Bradley Jr.,12984,Jackie Bradley Jr.
Jackson Stephens,14420,Jackson Stephens
Jacob Barnes,12323,Jacob Barnes
Jacob deGrom,10954,Jacob deGrom
Jacob Hannemann,15644,Jacob Hannemann
Jacob Lindgren,16215,Jacob Lindgren
Jacob May,14876,Jacob May
Jacob Nix,17775,Jacob Nix
Jacob Nottingham,16448,Jacob Nottingham
Jacob Rhame,15267,Jacob Rhame
Jacob Stallings,13723,Jacob Stallings
Jacob Turner,10185,Jacob Turner
Jacoby Ellsbury,4727,Jacoby Ellsbury
JaCoby Jones,14818,JaCoby Jones
Jaff Decker,7945,Jaff Decker
Jaime Barria,18356,Jaime Barria
Jaime Garcia,8137,Jaime Garcia
Jaime Schultz,15066,Jaime Schultz
Jairo Labourt,14996,Jairo Labourt
Jake Arrieta,4153,Jake Arrieta
Jake Barrett,13322,Jake Barrett
Jake Bauers,15194,Jake Bauers
Jake Cave,14477,Jake Cave
Jake Diekman,5003,Jake Diekman
Jake Dunning,10803,Jake Dunning
Jake Elmore,7290,Jake Elmore
Jake Faria,13699,Jake Faria
Jake Jewell,16958,Jake Jewell
Jake Lamb,13329,Jake Lamb
Jake Marisnick,11339,Jake Marisnick
Jake McGee,7550,Jake McGee
Jake Newberry,15136,Jake Newberry
Jake Odorizzi,6397,Jake Odorizzi
Jake Petricka,10534,Jake Petricka
Jake Smolinski,5408,Jake Smolinski
Jake Thompson,14371,Jake Thompson
Jakob Junis,13619,Jakob Junis
Jalen Beeks,17192,Jalen Beeks
James Hoyt,14605,James Hoyt
James McCann,12859,James McCann
James Norwood,16440,James Norwood
James Paxton,11828,James Paxton
James Pazos,13323,James Pazos
James Shields,7059,James Shields
Jameson Taillon,11674,Jameson Taillon
Jamie Callahan,14711,Jamie Callahan
Jandel Gustave,14665,Jandel Gustave
Jared Hughes,9325,Jared Hughes
Jarlin Garcia,18282,Jarlin Garcia
Jarrett Parker,11624,Jarrett Parker
Jarrod Dyson,4866,Jarrod Dyson
Jarrod Saltalamacchia,5557,Jarrod Saltalamacchia
Jason Adam,11861,Jason Adam
Jason Castro,8722,Jason Castro
Jason Coats,14282,Jason Coats
Jason Gurka,8007,Jason Gurka
Jason Hammel,4538,Jason Hammel
Jason Heyward,4940,Jason Heyward
Jason Kipnis,9776,Jason Kipnis
Jason Vargas,8044,Jason Vargas
Javier Baez,12979,Javier Baez
Javy Guerra,7407,Javy Guerra
Javy Guerra,17292,Javy Guerra
Jay Bruce,9892,Jay Bruce
Jaycob Brugman,14936,Jaycob Brugman
Jayson Aquino,13150,Jayson Aquino
Jayson Werth,1327,Jayson Werth
JB Shuck,6677,JB Shuck
JC Ramirez,8302,JC Ramirez
Jean Segura,5933,Jean Segura
Jeanmar Gomez,9033,Jeanmar Gomez
Jed Lowrie,4418,Jed Lowrie
Jedd Gyorko,10816,Jedd Gyorko
Jeff Beliveau,8504,Jeff Beliveau
Jeff Brigham,16631,Jeff Brigham
Jeff Ferrell,11506,Jeff Ferrell
Jeff Hoffman,17432,Jeff Hoffman
Jeff Locke,2929,Jeff Locke
Jeff Mathis,3448,Jeff Mathis
Jeff McNeil,15362,Jeff McNeil
Jeff Samardzija,3254,Jeff Samardzija
Jeffrey Springs,17677,Jeffrey Springs
Jefry Marte,5107,Jefry Marte
Jefry Rodriguez,17018,Jefry Rodriguez
Jeimer Candelario,13621,Jeimer Candelario
Jemile Weeks,2498,Jemile Weeks
Jen-Ho Tseng,15524,Jen-Ho Tseng
Jerad Eickhoff,12664,Jerad Eickhoff
Jeremy Bleich,9069,Jeremy Bleich
Jeremy Hazelbaker,9399,Jeremy Hazelbaker
Jeremy Hellickson,4371,Jeremy Hellickson
Jeremy Jeffress,9490,Jeremy Jeffress
Jerry Blevins,7841,Jerry Blevins
Jerry Vasto,17126,Jerry Vasto
Jesen Therrien,15853,Jesen Therrien
Jesmuel Valentin,14548,Jesmuel Valentin
Jesse Biddle,11437,Jesse Biddle
Jesse Chavez,5448,Jesse Chavez
Jesse Hahn,13287,Jesse Hahn
Jesse Winker,13590,Jesse Winker
Jesus Aguilar,11342,Jesus Aguilar
Jesus Luzardo,19959,Jesus Luzardo
Jesus Reyes,19277,Jesus Reyes
Jesus Sucre,5942,Jesus Sucre
Jett Bandy,12508,Jett Bandy
Jeurys Familia,5114,Jeurys Familia
Jhan Marinez,5830,Jhan Marinez
Jharel Cotton,13654,Jharel Cotton
Jhonatan Solano,7515,Jhonatan Solano
Jhoulys Chacin,2608,Jhoulys Chacin
Ji-Man Choi,5452,Ji-Man Choi
Jim Adduci,6448,Jim Adduci
Jim Johnson,3656,Jim Johnson
Jimmie Sherfy,15118,Jimmie Sherfy
Jimmy Cordero,15690,Jimmy Cordero
Jimmy Nelson,10547,Jimmy Nelson
Jimmy Yacabonis,15157,Jimmy Yacabonis
Joakim Soria,6941,Joakim Soria
Joan Gregorio,sa547815,Joan Gregorio
Joaquin Benoit,1437,Joaquin Benoit
Joc Pederson,11899,Joc Pederson
Joe Biagini,13194,Joe Biagini
Joe Hudson,14412,Joe Hudson
Joe Jimenez,15761,Joe Jimenez
Joe Kelly,9761,Joe Kelly
Joe Mantiply,14857,Joe Mantiply
Joe Martinez,3935,Jose Martinez
Joe Mauer,1857,Joe Mauer
Joe Musgrove,12970,Joe Musgrove
Joe Palumbo,17035,Joe Palumbo
Joe Panik,11936,Joe Panik
Joe Ross,12972,Joe Ross
Joe Smith,3281,Joe Smith
Joely Rodriguez,11487,Joely Rodriguez
Joey Gallo,14128,Joey Gallo
Joey Krehbiel,13707,Joey Krehbiel
Joey Lucchesi,19320,Joey Lucchesi
Joey Rickard,13277,Joey Rickard
Joey Votto,4314,Joey Votto
Joey Wendle,13853,Joey Wendle
Johan Camargo,14950,Johan Camargo
John Andreoli,13012,John Andreoli
John Axford,9059,John Axford
John Brebbia,12777,John Brebbia
John Curtiss,16128,John Curtiss
John Gant,13684,John Gant
John Hicks,12547,John Hicks
John Lamb,8493,John Lamb
John Means,16269,John Means
John Ryan Murphy,10346,John Ryan Murphy
Johnny Barbato,11440,Johnny Barbato
Johnny Cueto,6893,Johnny Cueto
Johnny Field,15048,Johnny Field
Johnny Giavotella,6740,Johnny Giavotella
Johnny Monell,2783,Johnny Monell
Jon Berti,12037,Jon Berti
Jon Duplantier,19546,Jon Duplantier
Jon Edwards,1483,Jon Edwards
Jon Gray,14916,Jon Gray
Jon Jay,5227,Jon Jay
Jon Lester,4930,Jon Lester
Jonathan Aro,14699,Jonathan Aro
Jonathan Davis,15104,Jonathan Davis
Jonathan Holder,16588,Jonathan Holder
Jonathan Loaisiga,19753,Jonathan Loaisiga
Jonathan Lucroy,7870,Jonathan Lucroy
Jonathan Schoop,11265,Jonathan Schoop
Jonathan Villar,10071,Jonathan Villar
Jonathon Niese,4424,Jonathon Niese
Jonny Venters,7175,Jonny Venters
Jordan Hicks,19618,Jordan Hicks
Jordan Luplow,16424,Jordan Luplow
Jordan Lyles,7593,Jordan Lyles
Jordan Montgomery,16511,Jordan Montgomery
Jordan Patterson,15119,Jordan Patterson
Jordan Romano,16122,Jordan Romano
Jordan Zimmermann,4505,Jordan Zimmermann
Jordy Mercer,6547,Jordy Mercer
Jorge Alfaro,12180,Jorge Alfaro
Jorge Bonifacio,12174,Jorge Bonifacio
Jorge De La Rosa,2047,Jorge De La Rosa
Jorge Lopez,14527,Jorge Lopez
Jorge Mateo,sa657910,Jorge Mateo
Jorge Polanco,13152,Jorge Polanco
Jorge Soler,14221,Jorge Soler
Jose A. Valdez,14470,Jose Valdez
Jose Abreu,15676,Jose Abreu
Jose Altuve,5417,Jose Altuve
Jose Alvarado,17780,Jose Alvarado
Jose Alvarez,5358,Jose Alvarez
Jose Bautista,1887,Jose Bautista
Jose Berrios,14168,Jose Berrios
Jose Briceno,13151,Jose Briceno
Jose Castillo,17169,Jose Castillo
Jose De Leon,15463,Jose De Leon
Jose G. Valdez,3217,Jose Valdez
Jose Iglesias,10231,Jose Iglesias
Jose Leclerc,14524,Jose Leclerc
Jose Lobaton,4243,Jose Lobaton
Jose Marmolejos,sa598311,Jose Marmolejos
Jose Martinez,7996,Jose Martinez
Jose Osuna,12937,Jose Osuna
Jose Peraza,13593,Jose Peraza
Jose Pirela,5485,Jose Pirela
Jose Quintana,11423,Jose Quintana
Jose Ramirez,10171,Jose Ramirez
Jose Ramirez,13510,Jose Ramirez
Jose Reyes,1736,Jose Reyes
Jose Rodriguez,17860,Joely Rodriguez
Jose Rondon,14140,Jose Rondon
Jose Ruiz,14552,Jose Ruiz
Jose Siri,sa736940,Jose Siri
Jose Torres,14957,Jose M. Torres
Jose Trevino,16725,Jose Trevino
Jose Urena,11589,Jose Urena
Josh Bell,13145,Josh Bell
Josh Donaldson,5038,Josh Donaldson
Josh Edgin,10796,Josh Edgin
Josh Fields,5070,Josh Fields
Josh Hader,14212,Josh Hader
Josh Harrison,8202,Josh Harrison
Josh James,16794,Josh James
Josh Lucas,11686,Josh Lucas
Josh Naylor,18839,Josh Naylor
Josh Osich,11528,Josh Osich
Josh Phegley,9308,Josh Phegley
Josh Ravin,2951,Josh Ravin
Josh Reddick,3892,Josh Reddick
Josh Rogers,18510,Josh Rogers
Josh Rutledge,11167,Josh Rutledge
Josh Smoker,10285,Josh Smoker
Josh Staumont,18335,Josh Staumont
Josh Taylor,17359,Josh Naylor
Josh Tomlin,9388,Josh Tomlin
JT Chargois,13767,JT Chargois
JT Riddle,17642,JT Riddle
Juan Centeno,7168,Juan Centeno
Juan Graterol,5398,Juan Graterol
Juan Lagares,5384,Juan Lagares
Juan Minaya,10341,Juan Minaya
Juan Nicasio,7731,Juan Nicasio
Juan Soto,20123,Juan Soto
Julian Fernandez,sa737347,Julian Fernandez
Julio Teheran,6797,Julio Teheran
Julio Urias,14765,Julio Urias
Jung Ho Kang,17182,Jung Ho Kang
Junichi Tazawa,4079,Junichi Tazawa
Junior Fernandez,18496,Junior Fernandez
Junior Guerra,5702,Junior Guerra
Jurickson Profar,10815,Jurickson Profar
Justin Anderson,16201,Justin Anderson
Justin Bour,9744,Justin Bour
Justin Dunn,19268,Justin Dunn
Justin Grimm,11720,Justin Grimm
Justin Haley,13572,Justin Haley
Justin Hancock,12316,Justin Hancock
Justin Miller,8580,Justin Miller
Justin Nicolino,11754,Justin Nicolino
Justin Shafer,16132,Justin Shafer
Justin Smoak,9054,Justin Smoak
Justin Turner,5235,Justin Turner
Justin Upton,5222,Justin Upton
Justin Verlander,8700,Justin Verlander
Justin Williams,15490,Justin Williams
Justin Wilson,4301,Justin Wilson
Justus Sheffield,17285,Justus Sheffield
Kaleb Cowart,11494,Kaleb Cowart
Kazuhisa Makita,19757,Kazuhisa Makita
Kelby Tomlinson,13005,Kelby Tomlinson
Kelvin Herrera,6033,Kelvin Herrera
Ken Giles,12910,Ken Giles
Kendall Graveman,15514,Kendall Graveman
Kendrys Morales,8610,Kendrys Morales
Kenley Jansen,3096,Kenley Jansen
Kennys Vargas,12101,Kennys Vargas
Kenta Maeda,18498,Kenta Maeda
Keon Broxton,9253,Keon Broxton
Keone Kela,14696,Keone Kela
Keston Hiura,20003,Keston Hiura
Ketel Marte,13613,Ketel Marte
Keury Mella,15964,Keury Mella
Kevan Smith,12284,Kevan Smith
Kevin Gausman,14107,Kevin Gausman
Kevin Jepsen,6475,Kevin Jepsen
Kevin Kaczmarski,18146,Kevin Kaczmarski
Kevin Kiermaier,11038,Kevin Kiermaier
Kevin Kramer,17689,Kevin Kramer
Kevin McCarthy,15240,Kevin McCarthy
Kevin Newman,17696,Kevin Newman
Kevin Pillar,12434,Kevin Pillar
Kevin Plawecki,13807,Kevin Plawecki
Kevin Quackenbush,12360,Kevin Quackenbush
Kevin Shackelford,11012,Kevin Shackelford
Keynan Middleton,15264,Keynan Middleton
Khris Davis,9112,Khris Davis
Kirby Yates,9073,Kirby Yates
Kirk Nieuwenhuis,6400,Kirk Nieuwenhuis
Koda Glover,17695,Koda Glover
Kohl Stewart,15502,Kohl Stewart
Kolby Allard,18694,Kolby Allard
Kole Calhoun,11200,Kole Calhoun
Kolten Wong,12532,Kolten Wong
Kris Bryant,15429,Kris Bryant
Kris Medlen,9417,Kris Medlen
Kristopher Negron,5306,Kristopher Negron
Kurt Suzuki,8259,Kurt Suzuki
Kyle Barraclough,13713,Kyle Barraclough
Kyle Crick,13182,Kyle Crick
Kyle Crockett,15033,Kyle Crockett
Kyle Farmer,14813,Kyle Farmer
Kyle Freeland,16256,Kyle Freeland
Kyle Gibson,10123,Kyle Gibson
Kyle Hendricks,12049,Kyle Hendricks
Kyle Higashioka,5517,Kyle Higashioka
Kyle Lewis,19508,Kyle Lewis
Kyle Lloyd,15378,Kyle Lloyd
Kyle Martin,14860,Kyle Martin
Kyle McGowin,15071,Kyle McGowin
Kyle McGrath,16793,Kyle McGrath
Kyle Schwarber,16478,Kyle Schwarber
Kyle Seager,9785,Kyle Seager
Kyle Tucker,18345,Kyle Tucker
Kyle Wright,19665,Kyle Wright
Kyle Zimmer,14169,Kyle Zimmer
Lance Lynn,2520,Lance Lynn
Lance McCullers Jr.,14120,Lance McCullers Jr.
Lane Adams,10767,Lane Adams
Leonys Martin,11846,Leonys Martin
Leury Garcia,5913,Leury Garcia
Lewis Brinson,14352,Lewis Brinson
Lewis Thorpe,15906,Lewis Thorpe
Liam Hendriks,3548,Liam Hendriks
Lisalverto Bonilla,11266,Lisalverto Bonilla
Logan Allen,18555,Logan Allen
Logan Forsythe,7185,Logan Forsythe
Logan Morrison,9205,Logan Morrison
Lonnie Chisenhall,7571,Lonnie Chisenhall
Lorenzo Cain,9077,Lorenzo Cain
Lou Trivino,15043,Lou Trivino
Louis Coleman,9720,Louis Coleman
Lourdes Gurriel Jr.,19238,Lourdes Gurriel Jr.
Lucas Duda,2502,Lucas Duda
Lucas Giolito,15474,Lucas Giolito
Lucas Sims,13470,Lucas Sims
Luis Avilan,2882,Luis Avilan
Luis Castillo,15689,Luis Castillo
Luis Cessa,13345,Luis Cessa
Luis Escobar,17345,Luis Escobar
Luis Garcia,6984,Luis Garcia
Luis Guillorme,16451,Luis Guillorme
Luis Ortiz,16942,Luis Ortiz
Luis Perdomo,5380,Luis Perdomo
Luis Perdomo,14682,Luis Perdomo
Luis Santos,15006,Luis Santos
Luis Sardinas,13153,Luis Sardinas
Luis Severino,15890,Luis Severino
Luis Torrens,15905,Luis Torrens
Luis Urias,16622,Luis Urias
Luis Valbuena,4969,Luis Valbuena
Luiz Gohara,15166,Luiz Gohara
Luke Bard,14288,Luke Bard
Luke Farrell,15101,Luke Farrell
Luke Gregerson,4090,Luke Gregerson
Luke Jackson,11752,Luke Jackson
Luke Maile,13355,Luke Maile
Luke Voit,14811,Luke Voit
Luke Weaver,16918,Luke Weaver
Mac Williamson,14158,Mac Williamson
Madison Bumgarner,5524,Madison Bumgarner
Magneuris Sierra,17023,Magneuris Sierra
Maikel Franco,12179,Maikel Franco
Mallex Smith,13608,Mallex Smith
Manny Banuelos,5365,Manny Banuelos
Manny Machado,11493,Manny Machado
Manny Pina,2829,Manny Pina
Manuel Margot,14712,Manuel Margot
Marc Rzepczynski,6612,Marc Rzepczynski
Marcell Ozuna,10324,Marcell Ozuna
Marco Estrada,1118,Marco Estrada
Marco Gonzales,15467,Marco Gonzales
Marco Hernandez,13154,Marco Hernandez
Marcos Diplan,sa828590,Marcos Diplan
Marcos Molina,sa503994,Marcos Molina
Marcus Semien,12533,Marcus Semien
Marcus Stroman,13431,Marcus Stroman
Marcus Walden,8004,Marcus Walden
Mark Canha,11445,Mark Canha
Mark Leiter Jr.,15551,Mark Leiter Jr.
Mark Melancon,4264,Mark Melancon
Mark Reynolds,7619,Mark Reynolds
Mark Trumbo,6876,Mark Trumbo
Mark Zagunis,16565,Mark Zagunis
Martin Maldonado,6887,Martin Maldonado
Martin Perez,6902,Martin Perez
Martin Prado,3312,Martin Prado
Marwin Gonzalez,5497,Marwin Gonzalez
Masahiro Tanaka,15764,Masahiro Tanaka
Mason Williams,11859,Mason Williams
Matt Adams,9393,Matt Adams
Matt Albers,4300,Matt Albers
Matt Andriese,12022,Matt Andriese
Matt Barnes,12863,Matt Barnes
Matt Belisle,1837,Matt Belisle
Matt Bowman,13528,Matt Bowman
Matt Bush,1246,Matt Bush
Matt Cain,4732,Matt Cain
Matt Carpenter,8090,Matt Carpenter
Matt Chapman,16505,Matt Chapman
Matt Davidson,7226,Matt Davidson
Matt Dermody,14844,Matt Dermody
Matt Duffy,12181,Matt Duffy
Matt Duffy,13836,Matt Duffy
Matt Festa,19330,Matt Festa
Matt Grace,11449,Matt Grace
Matt Hall,18076,Matt Hall
Matt Harvey,11713,Matt Harvey
Matt Holliday,1873,Matt Holliday
Matt Joyce,3353,Matt Joyce
Matt Kemp,5631,Matt Kemp
Matt Koch,13420,Matt Koch
Matt Magill,3950,Matt Magill
Matt McBride,9373,Matt McBride
Matt Moore,1890,Matt Moore
Matt Olson,14344,Matt Olson
Matt Reynolds,8887,Matt Reynolds
Matt Reynolds,13788,Matt Reynolds
Matt Shoemaker,4776,Matt Shoemaker
Matt Skole,12119,Matt Skole
Matt Strahm,13799,Matt Strahm
Matt Szczur,11255,Matt Szczur
Matt Thaiss,19318,Matt Thaiss
Matt Wieters,4298,Matt Wieters
Matt Wisler,12804,Matt Wisler
Matthew Boyd,15440,Matthew Boyd
Matthew den Dekker,11385,Matt den Dekker
Mauricio Dubon,16530,Mauricio Dubon
Max Fried,13743,Max Fried
Max Kepler,12144,Max Kepler
Max Moroff,14556,Max Moroff
Max Muncy,13301,Max Muncy
Max Scherzer,3137,Max Scherzer
Max Stassi,10059,Max Stassi
Meibrys Viloria,17109,Meibrys Viloria
Melky Cabrera,4022,Melky Cabrera
Merandy Gonzalez,17313,Merandy Gonzalez
Micah Johnson,13809,Micah Johnson
Michael A. Taylor,11489,Michael A. Taylor
Michael Blazek,9654,Michael Blazek
Michael Brady,8461,Michael Brady
Michael Brantley,4106,Michael Brantley
Michael Chavis,17321,Michael Chavis
Michael Conforto,16376,Michael Conforto
Michael Feliz,11903,Michael Feliz
Michael Fulmer,13218,Michael Fulmer
Michael Hermosillo,16285,Michael Hermosillo
Michael Kohn,8505,Michael Kohn
Michael Kopech,17282,Michael Kopech
Michael Lorenzen,14843,Michael Lorenzen
Michael Mariot,10835,Michael Mariot
Michael Martinez,7358,Michael Martinez
Michael Morse,3035,Michael Morse
Michael Perez,12977,Michael Perez
Michael Pineda,5372,Michael Pineda
Michael Reed,13228,Michael Reed
Michael Saunders,9981,Michael Saunders
Michael Taylor,2591,Michael Taylor
Michael Wacha,14078,Michael Wacha
Michael Ynoa,14093,Michael Ynoa
Michel Baez,20100,Michel Baez
Miguel Alfredo Gonzalez,15675,Alfredo Gonzalez
Miguel Almonte,14139,Miguel Almonte
Miguel Andujar,15878,Miguel Andujar
Miguel Cabrera,1744,Miguel Cabrera
Miguel Castro,15684,Miguel Castro
Miguel Diaz,18815,Miguel Diaz
Miguel Gomez,17075,Miguel Gomez
Miguel Gonzalez,7024,Miguel Gonzalez
Miguel Gonzalez,4049,Miguel Gonzalez
Miguel Montero,3364,Miguel Montero
Miguel Rojas,7802,Miguel Rojas
Miguel Sano,12164,Miguel Sano
Miguel Socolovich,6697,Miguel Socolovich
Mike Clevinger,12808,Mike Clevinger
Mike Dunn,9948,Mike Dunn
Mike Fiers,7754,Mike Fiers
Mike Foltynewicz,10811,Mike Foltynewicz
Mike Ford,15585,Mike Ford
Mike Freeman,11241,Mike Freeman
Mike Gerber,16115,Mike Gerber
Mike Hauschild,14033,Mike Hauschild
Mike Leake,10130,Mike Leake
Mike Marjama,12594,Mike Marjama
Mike Mayers,15451,Mike Mayers
Mike Minor,10021,Mike Minor
Mike Montgomery,4869,Mike Montgomery
Mike Morin,13442,Mike Morin
Mike Moustakas,4892,Mike Moustakas
Mike Napoli,3057,Mike Napoli
Mike Ohlman,10347,Mike Ohlman
Mike Shawaryn,19495,Mike Shawaryn
Mike Soroka,18383,Mike Soroka
Mike Tauchman,15274,Mike Tauchman
Mike Trout,10155,Mike Trout
Mike Wright,12586,Mike Wright
Mike Zagurski,9683,Mike Zagurski
Mike Zunino,13265,Mike Zunino
Mikie Mahtook,13130,Mikie Mahtook
Miles Mikolas,9803,Miles Mikolas
Mitch Garver,15161,Mitch Garver
Mitch Haniger,14274,Mitch Haniger
Mitch Keller,17594,Mitch Keller
Mitch Moreland,3086,Mitch Moreland
Mitch Walding,13006,Mitch Walding
Moises Sierra,6050,Moises Sierra
Mookie Betts,13611,Mookie Betts
Mychal Givens,10430,Mychal Givens
Myles Jaye,11769,Myles Jaye
Myles Straw,17620,Myles Straw
Nate Jones,4696,Nate Jones
Nate Karns,12638,Nate Karns
Nate Orf,15407,Nate Orf
Nathan Eovaldi,9132,Nathan Eovaldi
Neftali Feliz,18,Neftali Feliz
Neil Ramirez,7677,Neil Ramirez
Neil Walker,7539,Neil Walker
Nelson Cruz,2434,Nelson Cruz
Nestor Cortes Jr.,17874,Nestor Cortes
Nicholas Castellanos,11737,Nicholas Castellanos
Nick Ahmed,12147,Nick Ahmed
Nick Burdi,16074,Nick Burdi
Nick Buss,6835,Nick Buss
Nick Ciuffo,16291,Nick Ciuffo
Nick Franklin,10166,Nick Franklin
Nick Gardewine,16513,Nick Gardewine
Nick Goody,13685,Nick Goody
Nick Hundley,3376,Nick Hundley
Nick Kingham,11694,Nick Kingham
Nick Markakis,5930,Nick Markakis
Nick Martini,12005,Nick Martini
Nick Noonan,6880,Nick Noonan
Nick Pivetta,15454,Nick Pivetta
Nick Rumbelow,14867,Nick Rumbelow
Nick Senzel,19293,Nick Senzel
Nick Solak,19294,Nick Solak
Nick Tepesch,11716,Nick Tepesch
Nick Tropeano,12385,Nick Tropeano
Nick Vincent,7555,Nick Vincent
Nick Williams,14330,Nick Williams
Nick Wittgren,15594,Nick Wittgren
Nicky Delmonico,13157,Nicky Delmonico
Nik Turley,5530,Nik Turley
Niko Goodrum,12092,Niko Goodrum
Noah Syndergaard,11762,Noah Syndergaard
Noe Ramirez,12800,Noe Ramirez
Noel Cuevas,11894,Noel Cuevas
Nolan Arenado,9777,Nolan Arenado
Nolan Fontana,13267,Nolan Fontana
Nomar Mazara,14553,Nomar Mazara
O'Koyea Dickson,12677,O'Koyea Dickson
Odrisamer Despaigne,16017,Odrisamer Despaigne
Odubel Herrera,11476,Odubel Herrera
Oliver Drake,8823,Oliver Drake
Oliver Perez,1514,Oliver Perez
Omar Narvaez,13338,Omar Narvaez
Orlando Arcia,13185,Orlando Arcia
Orlando Calixte,11905,Orlando Calixte
Oscar De La Cruz,sa737037,Oscar De La Cruz
Oscar Hernandez,13490,Oscar Hernandez
Osmer Morales,17133,Osmer Morales
Ozzie Albies,16556,Ozzie Albies
P.J. Conlon,18213,P.J. Conlon
Pablo Lopez,17085,Pablo Lopez
Pablo Reyes,16357,Pablo Reyes
Pablo Sandoval,5409,Pablo Sandoval
Paolo Espino,8246,Paolo Espino
Parker Bridwell,11502,Parker Bridwell
Pat Neshek,4682,Pat Neshek
Pat Valaika,14885,Pat Valaika
Pat Venditte,7108,Pat Venditte
Patrick Corbin,9323,Patrick Corbin
Patrick Kivlehan,13910,Patrick Kivlehan
Patrick Wisdom,13602,Patrick Wisdom
Paul Blackburn,14739,Paul Blackburn
Paul DeJong,18015,Paul DeJong
Paul Fry,15832,Paul Fry
Paul Goldschmidt,9218,Paul Goldschmidt
Paul Sewald,13892,Paul Sewald
Paulo Orlando,8628,Paulo Orlando
Pedro Alvarez,2495,Pedro Alvarez
Pedro Araujo,17697,Pedro Araujo
Pedro Baez,5420,Pedro Baez
Pedro Beato,1330,Pedro Beato
Pedro Florimon,8385,Pedro Florimon
Pedro Severino,14523,Pedro Severino
Pedro Strop,4070,Pedro Strop
Perci Garner,10887,Perci Garner
Pete Alonso,19251,Peter Alonso
Pete Kozma,2539,Pete Kozma
Peter Bourjos,2578,Peter Bourjos
Peter Lambert,17969,Peter Lambert
Peter Moylan,4891,Peter Moylan
Peter O'Brien,13288,Peter O'Brien
Phil Gosselin,10953,Phil Gosselin
Phil Hughes,7450,Phil Hughes
Phil Maton,18064,Phil Maton
Phillip Ervin,14738,Phillip Ervin
Phillip Evans,12950,Phillip Evans
Pierce Johnson,13435,Pierce Johnson
Preston Guilmet,7303,Preston Guilmet
Preston Tucker,13633,Preston Tucker
Radhames Liz,5843,Radhames Liz
Rafael Bautista,15769,Rafael Bautista
Rafael Devers,17350,Rafael Devers
Rafael Montero,12760,Rafael Montero
Rafael Ortega,10323,Rafael Ortega
Raffy Lopez,12606,Raffy Lopez
Raimel Tapia,14350,Raimel Tapia
Raisel Iglesias,17130,Raisel Iglesias
Rajai Davis,3708,Rajai Davis
Ramon Laureano,17128,Ramon Laureano
Ramon Torres,14113,Ramon Torres
Randal Grichuk,10243,Randal Grichuk
Randall Delgado,5985,Randall Delgado
Randy Rosario,14508,Randy Rosario
Ranger Suarez,17277,Ranger Suarez
Raudy Read,15766,Raudy Read
Raul Alcantara,12790,Raul Alcantara
Ray Black,14244,Ray Black
Rayan Gonzalez,sa455370,Rayan Gonzalez
Reese McGuire,15674,Reese McGuire
Reid Brignac,8380,Reid Brignac
Renato Nunez,14503,Renato Nunez
Rene Rivera,3648,Rene Rivera
Rex Brothers,9794,Rex Brothers
Rey Fuentes,10329,Rey Fuentes
Reyes Moronta,14966,Reyes Moronta
Reymin Guduan,13058,Reymin Guduan
Reynaldo Lopez,16400,Reynaldo Lopez
Rhiner Cruz,711,Rhiner Cruz
Rhys Hoskins,16472,Rhys Hoskins
Ricardo Pinto,16318,Ricardo Pinto
Ricardo Rodriguez,15458,Ricardo Rodriguez
Ricardo Sanchez,sa830302,Ricardo Sanchez
Rich Hill,4806,Rich Hill
Richard Bleier,7803,Richard Bleier
Richard Lovelady,19337,Richard Lovelady
Richard Rodriguez,13549,Richard Rodriguez
Richard Urena,16411,Richard Urena
Rick Porcello,2717,Rick Porcello
Ricky Nolasco,3830,Ricky Nolasco
Rio Ruiz,14103,Rio Ruiz
Rob Brantly,10655,Rob Brantly
Rob Refsnyder,13770,Rob Refsnyder
Rob Scahill,9286,Rob Scahill
Rob Segedin,11446,Rob Segedin
Rob Whalen,14165,Rob Whalen
Rob Zastryzny,15094,Rob Zastryzny
Robbie Erlin,10354,Robbie Erlin
Robbie Grossman,5254,Robbie Grossman
Robbie Ray,11486,Robbie Ray
Robbie Ross Jr.,6819,Robbie Ross Jr.
Robby Scott,13042,Robby Scott
Robert Gsellman,13696,Robert Gsellman
Robert Stephenson,13594,Robert Stephenson
Robert Stock,6576,Robert Stock
Roberto  Gomez,12963,Roberto Gomez
Roberto Osuna,13764,Roberto Osuna
Roberto Perez,2900,Roberto Perez
Robinson Cano,3269,Robinson Cano
Robinson Chirinos,3142,Robinson Chirinos
Rocky Gale,10533,Rocky Gale
Roenis Elias,12673,Roenis Elias
Rogelio Armenteros,17679,Rogelio Armenteros
Roman Quinn,13546,Roman Quinn
Ronald Acuna Jr.,18401,Ronald Acuna Jr.
Ronald Guzman,14388,Ronald Guzman
Ronald Herrera,15688,Ronald Herrera
Ronald Torreyes,11400,Ronald Torreyes
Ronny Rodriguez,11875,Ronny Rodriguez
Rookie Davis,14962,Rookie Davis
Rosell Herrera,11611,Rosell Herrera
Ross Stripling,13273,Ross Stripling
Rougned Odor,12282,Rougned Odor
Rowan Wick,14646,Rowan Wick
Rowdy Tellez,15679,Rowdy Tellez
Rubby De La Rosa,3862,Rubby De La Rosa
Ruben Tejada,5519,Ruben Tejada
Rusney Castillo,17016,Rusney Castillo
Russell Martin,4616,Russell Martin
Ryan Borucki,16350,Ryan Borucki
Ryan Brasier,5615,Ryan Brasier
Ryan Braun,3410,Ryan Braun
Ryan Buchter,9456,Ryan Buchter
Ryan Burr,17536,Ryan Burr
Ryan Carpenter,12699,Ryan Carpenter
Ryan Cook,8855,Ryan Cook
Ryan Cordell,15181,Ryan Cordell
Ryan Dull,13974,Ryan Dull
Ryan Flaherty,7888,Ryan Flaherty
Ryan Goins,9807,Ryan Goins
Ryan Helsley,18138,Ryan Helsley
Ryan LaMarre,10700,Ryan LaMarre
Ryan Lavarnway,8879,Ryan Lavarnway
Ryan Madson,1852,Ryan Madson
Ryan McMahon,15112,Ryan McMahon
Ryan Meisinger,18105,Ryan Meisinger
Ryan Merritt,13688,Ryan Merritt
Ryan O'Hearn,16442,Ryan O'Hearn
Ryan Pressly,7005,Ryan Pressly
Ryan Raburn,2218,Ryan Raburn
Ryan Rua,12409,Ryan Rua
Ryan Schimpf,9953,Ryan Schimpf
Ryan Sherriff,12249,Ryan Sherriff
Ryan Tepera,10291,Ryan Tepera
Ryan Weber,10160,Ryan Weber
Ryan Yarbrough,16502,Ryan Yarbrough
Ryan Zimmerman,4220,Ryan Zimmerman
Ryder Jones,15982,Ryder Jones
Rymer Liriano,4779,Rymer Liriano
Ryne Stanek,15947,Ryne Stanek
Ryon Healy,15447,Ryon Healy
Sal Romano,13690,Sal Romano
Salvador Perez,7304,Salvador Perez
Sam Dyson,11710,Sam Dyson
Sam Freeman,6832,Sam Freeman
Sam Gaviglio,12778,Sam Gaviglio
Sam Howard,16265,Sam Howard
Sam Moll,14874,Sam Moll
Sam Travis,16263,Sam Travis
Sam Tuivailala,13485,Sam Tuivailala
Sammy Solis,11457,Sammy Solis
Sandy Alcantara,18684,Sandy Alcantara
Sandy Baez,17754,Sandy Baez
Sandy Leon,5273,Sandy Leon
Sandy Rosario,1525,Randy Rosario
Santiago Casilla,2873,Santiago Casilla
Scooter Gennett,10339,Scooter Gennett
Scott Alexander,10591,Scott Alexander
Scott Barlow,14993,Scott Barlow
Scott Copeland,10706,Scott Copeland
Scott Kazmir,4897,Scott Kazmir
Scott Kingery,17975,Scott Kingery
Scott Oberg,13911,Scott Oberg
Scott Schebler,12225,Scott Schebler
Scott Van Slyke,4365,Scott Van Slyke
Sean Doolittle,1581,Sean Doolittle
Sean Gilmartin,12781,Sean Gilmartin
Sean Manaea,15873,Sean Manaea
Sean Marshall,5905,Evan Marshall
Sean Murphy,19352,Sean Murphy
Sean Newcomb,16943,Sean Newcomb
Sean Reid-Foley,17034,Sean Reid-Foley
Sean Rodriguez,6589,Sean Rodriguez
Seranthony Dominguez,19249,Seranthony Dominguez
Sergio Romo,9817,Sergio Romo
Seth Lugo,12447,Seth Lugo
Seth Maness,12235,Seth Maness
Seunghwan Oh,18719,Seunghwan Oh
Severino Gonzalez,14697,Severino Gonzalez
Shane Bieber,19427,Shane Bieber
Shane Carle,15258,Shane Carle
Shane Greene,10756,Shane Greene
Shane Peterson,7423,Shane Peterson
Shane Robinson,4249,Shane Robinson
Shawn Armstrong,12857,Shawn Armstrong
Shawn Kelley,7773,Shawn Kelley
Shawn Morimando,13606,Shawn Morimando
Shawn Tolleson,10481,Shawn Tolleson
Shed Long,16542,Shed Long
Shelby Miller,10197,Shelby Miller
Sheldon Neuse,19635,Sheldon Neuse
Sherman Johnson,13906,Sherman Johnson
Shin-Soo Choo,3174,Shin-Soo Choo
Shohei Ohtani,19755,Shohei Ohtani
Silvino Bracho,15051,Silvino Bracho
Simon Castro,9243,Simon Castro
Slade Heathcott,10336,Slade Heathcott
Socrates Brito,12944,Socrates Brito
Sonny Gray,12768,Sonny Gray
Spencer Kieboom,13300,Spencer Kieboom
Spencer Turnbull,16207,Spencer Turnbull
Starlin Castro,4579,Starlin Castro
Starling Marte,9241,Starling Marte
Stephen Cardullo,11204,Stephen Cardullo
Stephen Gonsalves,15492,Stephen Gonsalves
Stephen Piscotty,13367,Stephen Piscotty
Stephen Strasburg,10131,Stephen Strasburg
Stephen Tarpley,15859,Stephen Tarpley
Stephen Vogt,5000,Stephen Vogt
Steve Cishek,6483,Steve Cishek
Steve Delabar,11827,Steve Delabar
Steve Hathaway,15293,Steve Hathaway
Steve Lombardozzi,5422,Steve Lombardozzi
Steve Pearce,9957,Steve Pearce
Steve Selsky,12957,Steve Selsky
Steven Baron,9787,Steven Baron
Steven Brault,15291,Steven Brault
Steven Duggar,17719,Steven Duggar
Steven Matz,13361,Steven Matz
Steven Okert,13580,Steven Okert
Steven Souza Jr.,5667,Steven Souza Jr.
Steven Wright,8185,Steven Wright
Stevie Wilkerson,16041,Steve Wilkerson
Stuart Turner,15207,Stuart Turner
T.J. McFarland,3237,T.J. McFarland
T.J. Rivera,12495,T.J. Rivera
T.J. Zeuch,19269,T.J. Zeuch
Taijuan Walker,11836,Taijuan Walker
Tanner Anderson,18029,Tanner Anderson
Tanner Rainey,17610,Tanner Rainey
Tanner Roark,8753,Tanner Roark
Tanner Scott,17586,Tanner Scott
Taylor Clarke,17611,Taylor Clarke
Taylor Cole,11964,Taylor Cole
Taylor Davis,12782,Taylor Davis
Taylor Featherston,12590,Taylor Featherston
Taylor Guerrieri,13616,Taylor Guerrieri
Taylor Hearn,18325,Taylor Hearn
Taylor Motter,12399,Taylor Motter
Taylor Rogers,13449,Taylor Rogers
Taylor Ward,17548,Taylor Ward
Taylor Williams,14899,Taylor Williams
Tayron Guerrero,11691,Tayron Guerrero
Teoscar Hernandez,13066,Teoscar Hernandez
Terrance Gore,13658,Terrance Gore
Thairo Estrada,16426,Thairo Estrada
Thomas Pannone,17281,Thomas Pannone
Thyago Vieira,14510,Thyago Vieira
Tim Anderson,15172,Tim Anderson
Tim Beckham,7949,Tim Beckham
Tim Collins,3164,Tim Collins
Tim Cooney,13762,Tim Cooney
Tim Federowicz,8609,Tim Federowicz
Tim Hill,16814,Tim Hill
Tim Lincecum,5705,Tim Lincecum
Tim Locastro,15124,Tim Locastro
Tim Mayza,15042,Tim Mayza
Tim Melville,9149,Tim Melville
Tim Peterson,13946,Tim Peterson
Todd Frazier,785,Todd Frazier
Tom Koehler,6570,Tom Koehler
Tom Murphy,13499,Tom Murphy
Tom Wilhelmsen,9975,Tom Wilhelmsen
Tomas Nido,13755,Tomas Nido
Tomas Telis,10067,Tomas Telis
Tommy Hunter,1157,Tommy Hunter
Tommy Joseph,10349,Tommy Joseph
Tommy Kahnle,11384,Tommy Kahnle
Tommy La Stella,12371,Tommy La Stella
Tommy Milone,7608,Tommy Milone
Tommy Pham,2967,Tommy Pham
Tony Barnette,3555,Tony Barnette
Tony Cingrani,12555,Tony Cingrani
Tony Cruz,2802,Tony Cruz
Tony Kemp,14894,Tony Kemp
Tony Renda,13443,Tony Renda
Tony Sipp,8280,Tony Sipp
Tony Watson,3132,Tony Watson
Tony Wolters,11470,Tony Wolters
Tony Zych,12876,Tony Zych
Touki Toussaint,16929,Touki Toussaint
Travis d'Arnaud,7739,Travis d'Arnaud
Travis Jankowski,13768,Travis Jankowski
Travis Lakins,18600,Travis Lakins
Travis Shaw,11982,Travis Shaw
Travis Wood,9884,Travis Wood
Trayce Thompson,9952,Trayce Thompson
Trea Turner,16252,Trea Turner
Trevor Bauer,12703,Trevor Bauer
Trevor Cahill,6249,Trevor Cahill
Trevor Gott,15046,Trevor Gott
Trevor Hildenberger,17002,Trevor Hildenberger
Trevor May,6398,Trevor May
Trevor Oaks,16468,Trevor Oaks
Trevor Plouffe,7462,Trevor Plouffe
Trevor Richards,19309,Trevor Richards
Trevor Rosenthal,10745,Trevor Rosenthal
Trevor Story,12564,Trevor Story
Trevor Williams,16977,Trevor Williams
Trey Mancini,15149,Trey Mancini
Trey Wingenter,17793,Trey Wingenter
Troy Scribner,15570,Troy Scribner
Troy Tulowitzki,3531,Troy Tulowitzki
Tucker Barnhart,10200,Tucker Barnhart
Tuffy Gosewisch,5277,Tuffy Gosewisch
Ty Blach,14361,Ty Blach
Ty Buttrey,14719,Ty Buttrey
Ty Kelly,7740,Ty Kelly
Tyler Alexander,17735,Tyler Alexander
Tyler Anderson,12880,Tyler Anderson
Tyler Austin,11850,Tyler Austin
Tyler Bashlor,15203,Tyler Bashlor
Tyler Beede,16981,Tyler Beede
Tyler Chatwood,4338,Tyler Chatwood
Tyler Clippard,5640,Tyler Clippard
Tyler Cloyd,8536,Tyler Cloyd
Tyler Collins,12723,Tyler Collins
Tyler Danish,15126,Tyler Danish
Tyler Duffey,13758,Tyler Duffey
Tyler Flowers,9134,Tyler Flowers
Tyler Glasnow,14374,Tyler Glasnow
Tyler Kinley,18297,Tyler Kinley
Tyler Lyons,11334,Tyler Lyons
Tyler Mahle,16358,Tyler Mahle
Tyler Naquin,13359,Tyler Naquin
Tyler O'Neill,15711,Tyler O'Neill
Tyler Olson,14741,Tyler Olson
Tyler Pill,12751,Tyler Pill
Tyler Saladino,10807,Tyler Saladino
Tyler Skaggs,10190,Tyler Skaggs
Tyler Smith,12490,Tyler Smith
Tyler Thornburg,10688,Tyler Thornburg
Tyler Wade,15730,Tyler Wade
Tyler Webb,14974,Tyler Webb
Tyler White,15564,Tyler White
Tyson Ross,7872,Tyson Ross
Tzu-Wei Lin,14678,Tzu-Wei Lin
Vance Worley,6435,Vance Worley
Vicente Campos,11681,Vicente Campos
Victor Alcantara,15028,Victor Alcantara
Victor Arano,15915,Victor Arano
Victor Caratini,14968,Victor Caratini
Victor Martinez,393,Victor Martinez
Victor Reyes,15487,Victor Reyes
Victor Robles,18363,Victor Robles
Vidal Nuno III,9674,Vidal Nuno
Vince Velasquez,11189,Vince Velasquez
Vladimir Guerrero Jr.,19611,Vladimir Guerrero Jr.
Wade Davis,7441,Wade Davis
Wade LeBlanc,5221,Wade LeBlanc
Wade Miley,8779,Wade Miley
Walker Buehler,19374,Walker Buehler
Walker Lockett,13804,Walker Lockett
Wander Suero,15855,Wander Suero
Wandy Peralta,14295,Wandy Peralta
Warwick Saupold,13211,Warwick Saupold
Wei-Yin Chen,13071,Wei-Yin Chen
Welington Castillo,3256,Welington Castillo
Wes Parsons,14764,Wes Parsons
Whit Merrifield,11281,Whit Merrifield
Wil Myers,10047,Wil Myers
Will Harris,3192,Will Harris
Will Middlebrooks,7002,Will Middlebrooks
Will Smith,8048,Will Smith
Will Smith,19197,Will Smith
William Cuevas,13331,William Cuevas
Williams Jerez,14338,Williams Jerez
Williams Perez,11592,Williams Perez
Willians Astudillo,15608,Willians Astudillo
Willie Calhoun,17838,Willie Calhoun
Willie Harris,236,Will Harris
Willson Contreras,11609,Willson Contreras
Willy Adames,15986,Willy Adames
Willy Garcia,12956,Willy Garcia
Wilmer Difo,14320,Wilmer Difo
Wilmer Flores,5827,Wilmer Flores
Wilmer Font,5257,Wilmer Font
Wilson Ramos,1433,Wilson Ramos
Wily Peralta,7738,Wily Peralta
Xander Bogaerts,12161,Xander Bogaerts
Xavier Cedeno,36,Xavier Cedeno
Yacksel Rios,15007,Yacksel Rios
Yadiel Rivera,11863,Yadiel Rivera
Yadier Molina,7007,Yadier Molina
Yairo Munoz,16313,Yairo Munoz
Yan Gomes,9627,Yan Gomes
Yandy Diaz,16578,Yandy Diaz
Yangervis Solarte,5352,Yangervis Solarte
Yasiel Puig,14225,Yasiel Puig
Yasmani Grandal,11368,Yasmani Grandal
Yasmany Tomas,17171,Yasmany Tomas
Yefry Ramirez,15655,Yefry Ramirez
Yency Almonte,15068,Yency Almonte
Yimi Garcia,12095,Yimi Garcia
Yoan Lopez,17181,Yoan Lopez
Yoan Moncada,17232,Yoan Moncada
Yoenis Cespedes,13110,Yoenis Cespedes
Yohander Mendez,14391,Yohander Mendez
Yolmer Sanchez,11602,Yolmer Sanchez
Yonder Alonso,2530,Yonder Alonso
Yonny Chirinos,16401,Yonny Chirinos
Yordan Alvarez,19556,Yordan Alvarez
Yoshihisa Hirano,19756,Yoshihisa Hirano
Yovani Gallardo,8173,Yovani Gallardo
Yu Darvish,13074,Yu Darvish
Yuli Gurriel,19198,Yuli Gurriel
Yusmeiro Petit,4020,Yusmeiro Petit
Zac Curtis,16684,Zac Curtis
Zac Reininger,15285,Zac Reininger
Zac Rosscup,9419,Zac Rosscup
Zach Davies,13183,Zach Davies
Zach Duke,3840,Zach Duke
Zach Eflin,13774,Zach Eflin
Zach McAllister,2895,Zach McAllister
Zach Neal,11294,Zach Neal
Zach Vincej,13269,Zach Vincej
Zack Britton,3240,Zach Britton
Zack Collins,19181,Zack Collins
Zack Cozart,2616,Zack Cozart
Zack Godley,14862,Zack Godley
Zack Granite,15343,Zack Granite
Zack Greinke,1943,Zack Greinke
Zack Jones,sa502134,Zack Jones
Zack Littell,15823,Zack Littell
Zack Weiss,15444,Zack Weiss
Zack Wheeler,10310,Zack Wheeler